timestamp,id1,id2,distance
1735642173,0,0,0.0
1735642173,1,1,0.0
1735642174,0,0,0.0
1735642174,1,1,0.0
1735642174,1,1,0.0
1735642174,0,0,0.0
1735642174,0,0,0.0
1735642174,1,1,0.0
1735642174,0,0,0.0
1735642174,1,1,0.0
1735642174,0,0,0.0
1735642174,1,1,0.0
1735642175,1,1,0.0
1735642175,0,0,0.0
1735642175,0,0,0.0
1735642175,1,1,0.0
1735642175,0,0,0.0
1735642175,1,1,0.0
1735642175,1,1,0.0
1735642175,0,0,0.0
1735642176,1,1,0.0
1735642176,0,0,0.0
1735642176,1,1,0.0
1735642176,0,0,0.0
1735642176,1,1,0.0
1735642176,0,0,0.0
1735642176,1,1,0.0
1735642176,0,0,0.0
1735642176,1,1,0.0
1735642176,0,0,0.0
1735642177,1,1,0.0
1735642177,0,0,0.0
1735642177,1,1,0.0
1735642177,0,0,0.0
1735642177,1,1,0.0
1735642177,0,0,0.0
1735642177,1,1,0.0
1735642177,0,0,0.0
1735642177,1,1,0.0
1735642177,0,0,0.0
1735642178,1,1,0.0
1735642178,0,0,0.0
1735642178,1,1,0.0
1735642178,0,0,0.0
1735642178,1,1,0.0
1735642178,0,0,0.0
1735642178,1,1,0.0
1735642178,0,0,0.0
1735642179,1,1,0.0
1735642179,0,0,0.0
1735642179,1,1,0.0
1735642179,0,0,0.0
1735642179,1,1,0.0
1735642179,0,0,0.0
1735642179,1,1,0.0
1735642179,0,0,0.0
1735642179,1,1,0.0
1735642179,0,0,0.0
1735642180,1,1,0.0
1735642180,0,0,0.0
1735642180,1,1,0.0
1735642180,0,0,0.0
1735642180,1,1,0.0
1735642180,0,0,0.0
1735642180,0,0,0.0
1735642180,1,1,0.0
1735642180,1,1,0.0
1735642180,0,0,0.0
1735642181,1,1,0.0
1735642181,0,0,0.0
1735642181,1,1,0.0
1735642181,0,0,0.0
1735642181,1,1,0.0
1735642181,0,0,0.0
1735642181,2,2,0.0
1735642181,1,1,0.0
1735642181,0,0,0.0
1735642181,2,2,0.0
1735642182,1,1,0.0
1735642182,0,0,0.0
1735642182,2,2,0.0
1735642182,0,0,0.0
1735642182,1,1,0.0
1735642182,2,2,0.0
1735642182,0,0,0.0
1735642182,2,2,0.0
1735642182,1,1,0.0
1735642182,0,0,0.0
1735642182,1,1,0.0
1735642182,1,1,0.0
1735642182,0,0,0.0
1735642183,1,1,0.0
1735642183,0,0,0.0
1735642183,1,1,0.0
1735642183,0,0,0.0
1735642183,1,1,0.0
1735642183,0,0,0.0
1735642183,1,1,0.0
1735642183,0,0,0.0
1735642184,1,1,0.0
1735642184,0,0,0.0
1735642184,1,1,0.0
1735642184,0,0,0.0
1735642184,1,1,0.0
1735642184,0,0,0.0
1735642184,1,1,0.0
1735642184,0,0,0.0
1735642184,1,1,0.0
1735642184,0,0,0.0
1735642185,1,1,0.0
1735642185,0,0,0.0
1735642185,1,1,0.0
1735642185,0,0,0.0
1735642185,1,1,0.0
1735642185,0,0,0.0
1735642185,1,1,0.0
1735642185,0,0,0.0
1735642185,1,1,0.0
1735642185,0,0,0.0
1735642186,1,1,0.0
1735642186,0,0,0.0
1735642186,1,1,0.0
1735642186,0,0,0.0
1735642186,1,1,0.0
1735642186,0,0,0.0
1735642186,1,1,0.0
1735642186,0,0,0.0
1735642187,1,1,0.0
1735642187,0,0,0.0
1735642187,1,1,0.0
1735642187,0,0,0.0
1735642187,1,1,0.0
1735642187,0,0,0.0
1735642187,1,1,0.0
1735642187,0,0,0.0
1735642187,1,1,0.0
1735642187,0,0,0.0
1735642188,1,1,0.0
1735642188,0,0,0.0
1735642188,1,1,0.0
1735642188,0,0,0.0
1735642188,1,1,0.0
1735642188,0,0,0.0
1735642188,1,1,0.0
1735642188,0,0,0.0
1735642189,1,1,0.0
1735642189,0,0,0.0
1735642189,1,1,0.0
1735642189,0,0,0.0
1735642189,1,1,0.0
1735642189,0,0,0.0
1735642189,1,1,0.0
1735642189,0,0,0.0
1735642189,1,1,0.0
1735642189,0,0,0.0
1735642190,1,1,0.0
1735642190,0,0,0.0
1735642190,1,1,0.0
1735642190,0,0,0.0
1735642190,1,1,0.0
1735642190,0,0,0.0
1735642190,1,1,0.0
1735642190,0,0,0.0
1735642191,1,1,0.0
1735642191,0,0,0.0
1735642191,1,1,0.0
1735642191,0,0,0.0
1735642191,1,1,0.0
1735642191,0,0,0.0
1735642191,1,1,0.0
1735642191,0,0,0.0
1735642191,1,1,0.0
1735642191,0,0,0.0
1735642192,1,1,0.0
1735642192,0,0,0.0
1735642192,1,1,0.0
1735642192,0,0,0.0
1735642192,1,1,0.0
1735642192,0,0,0.0
1735642192,1,1,0.0
1735642192,0,0,0.0
1735642193,1,1,0.0
1735642193,0,0,0.0
1735642193,1,1,0.0
1735642193,0,0,0.0
1735642193,1,1,0.0
1735642193,0,0,0.0
1735642193,1,1,0.0
1735642193,0,0,0.0
1735642194,1,1,0.0
1735642194,0,0,0.0
1735642194,1,1,0.0
1735642194,0,0,0.0
1735642194,1,1,0.0
1735642194,0,0,0.0
1735642194,1,1,0.0
1735642194,0,0,0.0
1735642195,1,1,0.0
1735642195,0,0,0.0
1735642195,0,0,0.0
1735642195,1,1,0.0
1735642195,0,0,0.0
1735642195,1,1,0.0
1735642195,0,0,0.0
1735642195,1,1,0.0
1735642196,1,1,0.0
1735642196,0,0,0.0
1735642196,1,1,0.0
1735642196,0,0,0.0
1735642196,0,0,0.0
1735642196,1,1,0.0
1735642196,1,1,0.0
1735642196,0,0,0.0
1735642196,1,1,0.0
1735642196,0,0,0.0
1735642197,1,1,0.0
1735642197,0,0,0.0
1735642197,1,1,0.0
1735642197,0,0,0.0
1735642197,1,1,0.0
1735642197,0,0,0.0
1735642197,1,1,0.0
1735642197,0,0,0.0
1735642198,1,1,0.0
1735642198,0,0,0.0
1735642198,1,1,0.0
1735642198,0,0,0.0
1735642198,1,1,0.0
1735642198,0,0,0.0
1735642198,0,0,0.0
1735642198,1,1,0.0
1735642198,1,1,0.0
1735642198,0,0,0.0
1735642199,1,1,0.0
1735642199,0,0,0.0
1735642199,1,1,0.0
1735642199,0,0,0.0
1735642199,1,1,0.0
1735642199,0,0,0.0
1735642199,1,1,0.0
1735642199,0,0,0.0
1735642200,1,1,0.0
1735642200,0,0,0.0
1735642200,1,1,0.0
1735642200,0,0,0.0
1735642200,0,0,0.0
1735642200,1,1,0.0
1735642200,0,0,0.0
1735642200,1,1,0.0
1735642201,0,0,0.0
1735642201,1,1,0.0
1735642201,0,0,0.0
1735642201,1,1,0.0
1735642201,0,0,0.0
1735642201,1,1,0.0
1735642201,0,0,0.0
1735642201,1,1,0.0
1735642201,1,1,0.0
1735642201,0,0,0.0
1735642202,1,1,0.0
1735642202,0,0,0.0
1735642202,0,0,0.0
1735642202,1,1,0.0
1735642202,0,0,0.0
1735642202,1,1,0.0
1735642202,3,3,0.0
1735642202,0,0,0.0
1735642202,1,1,0.0
1735642203,0,0,0.0
1735642203,1,1,0.0
1735642203,0,0,0.0
1735642203,1,1,0.0
1735642203,0,0,0.0
1735642203,1,1,0.0
1735642203,0,0,0.0
1735642203,1,1,0.0
1735642203,0,0,0.0
1735642203,1,1,0.0
1735642204,0,0,0.0
1735642204,1,1,0.0
1735642204,0,0,0.0
1735642204,1,1,0.0
1735642204,0,0,0.0
1735642204,1,1,0.0
1735642204,0,0,0.0
1735642204,1,1,0.0
1735642205,0,0,0.0
1735642205,1,1,0.0
1735642205,0,0,0.0
1735642205,1,1,0.0
1735642205,0,0,0.0
1735642205,1,1,0.0
1735642205,0,0,0.0
1735642205,1,1,0.0
1735642205,0,0,0.0
1735642205,1,1,0.0
1735642206,0,0,0.0
1735642206,1,1,0.0
1735642206,0,0,0.0
1735642206,1,1,0.0
1735642206,0,0,0.0
1735642206,1,1,0.0
1735642206,0,0,0.0
1735642206,1,1,0.0
1735642207,0,0,0.0
1735642207,1,1,0.0
1735642207,0,0,0.0
1735642207,1,1,0.0
1735642207,0,0,0.0
1735642207,1,1,0.0
1735642207,0,0,0.0
1735642207,1,1,0.0
1735642207,0,0,0.0
1735642207,1,1,0.0
1735642208,0,0,0.0
1735642208,1,1,0.0
1735642208,0,0,0.0
1735642208,1,1,0.0
1735642208,0,0,0.0
1735642208,1,1,0.0
1735642208,0,0,0.0
1735642208,1,1,0.0
1735642209,0,0,0.0
1735642209,1,1,0.0
1735642209,0,0,0.0
1735642209,1,1,0.0
1735642209,0,0,0.0
1735642209,1,1,0.0
1735642209,0,0,0.0
1735642209,1,1,0.0
1735642209,0,0,0.0
1735642209,1,1,0.0
1735642210,0,0,0.0
1735642210,1,1,0.0
1735642210,0,0,0.0
1735642210,1,1,0.0
1735642210,0,0,0.0
1735642210,1,1,0.0
1735642210,0,0,0.0
1735642210,1,1,0.0
1735642211,0,0,0.0
1735642211,1,1,0.0
1735642211,0,0,0.0
1735642211,1,1,0.0
1735642211,0,0,0.0
1735642211,1,1,0.0
1735642211,0,0,0.0
1735642211,1,1,0.0
1735642211,0,0,0.0
1735642211,1,1,0.0
1735642212,0,0,0.0
1735642212,1,1,0.0
1735642212,0,0,0.0
1735642212,1,1,0.0
1735642212,0,0,0.0
1735642212,1,1,0.0
1735642212,0,0,0.0
1735642212,1,1,0.0
1735642213,0,0,0.0
1735642213,1,1,0.0
1735642213,0,0,0.0
1735642213,1,1,0.0
1735642213,0,0,0.0
1735642213,1,1,0.0
1735642213,4,4,0.0
1735642213,1,1,0.0
1735642213,0,0,0.0
1735642214,4,4,0.0
1735642214,1,1,0.0
1735642214,0,0,0.0
1735642214,0,0,0.0
1735642214,1,1,0.0
1735642214,1,5,72.99
1735642214,5,5,0.0
1735642214,0,0,0.0
1735642214,5,5,0.0
1735642214,5,1,75.95
1735642214,1,1,0.0
1735642214,0,0,0.0
1735642214,1,1,0.0
1735642214,1,5,78.45
1735642214,5,5,0.0
1735642215,0,0,0.0
1735642215,1,1,0.0
1735642215,0,0,0.0
1735642215,1,1,0.0
1735642215,0,0,0.0
1735642215,1,1,0.0
1735642215,0,0,0.0
1735642215,1,1,0.0
1735642216,0,0,0.0
1735642216,1,1,0.0
1735642216,0,0,0.0
1735642216,1,1,0.0
1735642216,1,5,79.23
1735642216,5,5,0.0
1735642216,0,0,0.0
1735642216,1,1,0.0
1735642216,1,5,75.06
1735642216,5,5,0.0
1735642216,0,0,0.0
1735642216,1,1,0.0
1735642216,1,5,74.03
1735642216,5,5,0.0
1735642217,0,0,0.0
1735642217,1,1,0.0
1735642217,0,0,0.0
1735642217,1,1,0.0
1735642217,0,0,0.0
1735642217,1,1,0.0
1735642217,0,0,0.0
1735642217,1,1,0.0
1735642217,1,5,84.0
1735642217,5,5,0.0
1735642218,0,0,0.0
1735642218,5,5,0.0
1735642218,0,0,0.0
1735642218,5,5,0.0
1735642218,0,0,0.0
1735642218,5,5,0.0
1735642218,0,0,0.0
1735642218,1,1,0.0
1735642218,1,5,86.0
1735642218,5,5,0.0
1735642219,0,0,0.0
1735642219,1,1,0.0
1735642219,0,0,0.0
1735642219,1,1,0.0
1735642219,0,0,0.0
1735642219,1,1,0.0
1735642219,0,0,0.0
1735642219,1,1,0.0
1735642220,0,0,0.0
1735642220,1,1,0.0
1735642220,0,0,0.0
1735642220,1,1,0.0
1735642220,0,0,0.0
1735642220,1,1,0.0
1735642220,0,0,0.0
1735642220,1,1,0.0
1735642221,0,0,0.0
1735642221,1,1,0.0
1735642221,0,0,0.0
1735642221,1,1,0.0
1735642221,0,0,0.0
1735642221,1,1,0.0
1735642221,0,0,0.0
1735642221,1,1,0.0
1735642222,0,0,0.0
1735642222,1,1,0.0
1735642222,0,0,0.0
1735642222,1,1,0.0
1735642222,0,0,0.0
1735642222,1,1,0.0
1735642223,0,0,0.0
1735642223,1,1,0.0
1735642223,0,0,0.0
1735642223,1,1,0.0
1735642223,0,0,0.0
1735642223,1,1,0.0
1735642223,0,0,0.0
1735642223,1,1,0.0
1735642224,0,0,0.0
1735642224,1,1,0.0
1735642224,0,0,0.0
1735642224,1,1,0.0
1735642224,0,0,0.0
1735642224,1,1,0.0
1735642224,0,0,0.0
1735642224,1,1,0.0
1735642225,0,0,0.0
1735642225,1,1,0.0
1735642225,0,0,0.0
1735642225,1,1,0.0
1735642225,0,0,0.0
1735642225,1,1,0.0
1735642225,0,0,0.0
1735642225,1,1,0.0
1735642226,0,0,0.0
1735642226,1,1,0.0
1735642226,0,0,0.0
1735642226,1,1,0.0
1735642226,0,0,0.0
1735642226,1,1,0.0
1735642227,0,0,0.0
1735642227,1,1,0.0
1735642227,6,6,0.0
1735642227,1,1,0.0
1735642227,6,6,0.0
1735642227,1,1,0.0
1735642227,6,6,0.0
1735642227,1,1,0.0
1735642228,1,1,0.0
1735642228,6,6,0.0
1735642228,6,6,0.0
1735642228,1,1,0.0
1735642228,6,6,0.0
1735642228,1,1,0.0
1735642228,6,6,0.0
1735642228,1,1,0.0
1735642229,6,6,0.0
1735642229,1,1,0.0
1735642229,6,6,0.0
1735642229,1,1,0.0
1735642229,6,6,0.0
1735642229,5,5,0.0
1735642229,6,6,0.0
1735642229,1,1,0.0
1735642230,6,6,0.0
1735642230,1,1,0.0
1735642230,6,6,0.0
1735642230,1,1,0.0
1735642230,6,6,0.0
1735642230,1,1,0.0
1735642230,6,6,0.0
1735642230,1,1,0.0
1735642231,6,6,0.0
1735642231,1,1,0.0
1735642231,6,6,0.0
1735642231,1,1,0.0
1735642231,6,6,0.0
1735642231,1,1,0.0
1735642231,6,6,0.0
1735642231,1,1,0.0
1735642232,6,6,0.0
1735642232,1,1,0.0
1735642232,6,6,0.0
1735642232,1,1,0.0
1735642232,6,6,0.0
1735642232,1,1,0.0
1735642232,6,6,0.0
1735642232,1,1,0.0
1735642233,6,6,0.0
1735642233,1,1,0.0
1735642233,1,1,0.0
1735642233,6,6,0.0
1735642233,6,6,0.0
1735642233,1,1,0.0
1735642233,1,1,0.0
1735642233,6,6,0.0
1735642234,6,6,0.0
1735642234,1,1,0.0
1735642234,1,1,0.0
1735642234,6,6,0.0
1735642234,1,1,0.0
1735642234,6,6,0.0
1735642234,1,1,0.0
1735642234,6,6,0.0
1735642235,1,1,0.0
1735642235,6,6,0.0
1735642235,1,1,0.0
1735642235,6,6,0.0
1735642235,1,1,0.0
1735642235,6,6,0.0
1735642235,1,1,0.0
1735642235,6,6,0.0
1735642235,1,1,0.0
1735642235,6,6,0.0
1735642236,1,1,0.0
1735642236,6,6,0.0
1735642236,1,1,0.0
1735642236,6,6,0.0
1735642236,1,1,0.0
1735642236,6,6,0.0
1735642236,1,1,0.0
1735642236,6,6,0.0
1735642237,1,1,0.0
1735642237,6,6,0.0
1735642237,6,6,0.0
1735642237,1,1,0.0
1735642237,6,6,0.0
1735642237,1,1,0.0
1735642237,6,6,0.0
1735642237,1,1,0.0
1735642238,6,6,0.0
1735642238,1,1,0.0
1735642238,6,6,0.0
1735642238,1,1,0.0
1735642238,6,6,0.0
1735642238,1,1,0.0
1735642238,6,6,0.0
1735642238,1,1,0.0
1735642238,6,6,0.0
1735642238,1,1,0.0
1735642239,6,6,0.0
1735642239,1,1,0.0
1735642239,6,6,0.0
1735642239,1,1,0.0
1735642239,6,6,0.0
1735642239,1,1,0.0
1735642239,6,6,0.0
1735642239,1,1,0.0
1735642240,6,6,0.0
1735642240,1,1,0.0
1735642240,6,6,0.0
1735642240,1,1,0.0
1735642240,6,6,0.0
1735642240,1,1,0.0
1735642240,1,5,74.01
1735642240,5,5,0.0
1735642240,6,6,0.0
1735642240,1,1,0.0
1735642240,1,5,71.01
1735642240,5,5,0.0
1735642241,6,6,0.0
1735642241,1,1,0.0
1735642241,6,6,0.0
1735642241,1,1,0.0
1735642241,6,6,0.0
1735642241,1,1,0.0
1735642241,6,6,0.0
1735642241,5,5,0.0
1735642241,5,1,81.01
1735642241,1,1,0.0
1735642242,6,6,0.0
1735642242,5,5,0.0
1735642242,5,1,75.01
1735642242,1,1,0.0
1735642242,6,6,0.0
1735642242,1,1,0.0
1735642242,1,5,77.01
1735642242,5,5,0.0
1735642242,6,6,0.0
1735642242,1,1,0.0
1735642242,6,6,0.0
1735642242,1,1,0.0
1735642242,6,6,0.0
1735642242,1,1,0.0
1735642243,6,6,0.0
1735642243,1,1,0.0
1735642243,6,6,0.0
1735642243,1,1,0.0
1735642243,1,5,82.01
1735642243,5,5,0.0
1735642243,6,6,0.0
1735642243,5,5,0.0
1735642243,5,1,79.0
1735642243,1,1,0.0
1735642243,6,6,0.0
1735642243,5,5,0.0
1735642243,5,1,78.0
1735642243,1,1,0.0
1735642244,6,6,0.0
1735642244,5,5,0.0
1735642244,5,1,79.01
1735642244,1,1,0.0
1735642244,6,6,0.0
1735642244,5,5,0.0
1735642244,5,1,77.01
1735642244,1,1,0.0
1735642244,6,6,0.0
1735642244,1,1,0.0
1735642244,6,6,0.0
1735642244,1,1,0.0
1735642244,6,6,0.0
1735642244,1,1,0.0
1735642245,6,6,0.0
1735642245,1,1,0.0
1735642245,6,6,0.0
1735642245,1,1,0.0
1735642245,6,6,0.0
1735642245,1,1,0.0
1735642245,6,6,0.0
1735642245,1,1,0.0
1735642245,6,6,0.0
1735642245,1,1,0.0
1735642246,6,6,0.0
1735642246,1,1,0.0
1735642246,6,6,0.0
1735642246,1,1,0.0
1735642246,6,6,0.0
1735642246,1,1,0.0
1735642246,6,6,0.0
1735642246,1,1,0.0
1735642246,6,6,0.0
1735642246,1,1,0.0
1735642247,1,1,0.0
1735642247,6,6,0.0
1735642247,6,6,0.0
1735642247,1,1,0.0
1735642247,6,6,0.0
1735642247,1,1,0.0
1735642247,6,6,0.0
1735642247,1,1,0.0
1735642248,6,6,0.0
1735642248,1,1,0.0
1735642248,6,6,0.0
1735642248,1,1,0.0
1735642248,6,6,0.0
1735642248,1,1,0.0
1735642248,6,6,0.0
1735642248,1,1,0.0
1735642249,1,1,0.0
1735642249,6,6,0.0
1735642249,6,6,0.0
1735642249,1,1,0.0
1735642249,1,1,0.0
1735642249,6,6,0.0
1735642250,6,6,0.0
1735642250,1,1,0.0
1735642250,6,6,0.0
1735642250,1,1,0.0
1735642250,1,1,0.0
1735642250,6,6,0.0
1735642250,6,6,0.0
1735642250,1,1,0.0
1735642251,6,6,0.0
1735642251,1,1,0.0
1735642251,6,6,0.0
1735642251,1,1,0.0
1735642251,6,6,0.0
1735642251,1,1,0.0
1735642251,6,6,0.0
1735642251,1,1,0.0
1735642252,6,6,0.0
1735642252,1,1,0.0
1735642252,6,6,0.0
1735642252,1,1,0.0
1735642252,6,6,0.0
1735642252,1,1,0.0
1735642253,6,6,0.0
1735642253,1,1,0.0
1735642253,6,6,0.0
1735642253,1,1,0.0
1735642253,6,6,0.0
1735642253,1,1,0.0
1735642253,6,6,0.0
1735642253,1,1,0.0
1735642253,6,6,0.0
1735642253,1,1,0.0
1735642254,6,6,0.0
1735642254,1,1,0.0
1735642254,6,6,0.0
1735642254,1,1,0.0
1735642254,6,6,0.0
1735642254,1,1,0.0
1735642255,6,6,0.0
1735642255,1,1,0.0
1735642255,5,5,0.0
1735642255,6,6,0.0
1735642255,1,1,0.0
1735642255,1,5,98.06
1735642255,5,5,0.0
1735642255,6,6,0.0
1735642255,1,1,0.0
1735642255,6,6,0.0
1735642255,1,1,0.0
1735642256,6,6,0.0
1735642256,1,1,0.0
1735642256,6,6,0.0
1735642256,1,1,0.0
1735642256,6,6,0.0
1735642256,1,1,0.0
1735642256,6,6,0.0
1735642256,1,1,0.0
1735642256,6,6,0.0
1735642256,1,1,0.0
1735642257,6,6,0.0
1735642257,1,1,0.0
1735642257,1,5,79.4
1735642257,5,5,0.0
1735642257,6,6,0.0
1735642257,5,5,0.0
1735642257,6,6,0.0
1735642257,5,5,0.0
1735642257,6,6,0.0
1735642257,5,5,0.0
1735642258,6,6,0.0
1735642258,5,5,0.0
1735642258,5,5,0.0
1735642258,6,6,0.0
1735642258,5,5,0.0
1735642258,6,6,0.0
1735642259,5,5,0.0
1735642259,6,6,0.0
1735642259,5,5,0.0
1735642259,6,6,0.0
1735642259,5,5,0.0
1735642259,6,6,0.0
1735642259,5,5,0.0
1735642259,6,6,0.0
1735642260,6,6,0.0
1735642260,5,5,0.0
1735642260,6,6,0.0
1735642260,5,5,0.0
1735642260,7,7,0.0
1735642260,6,6,0.0
1735642260,7,7,0.0
1735642260,6,6,0.0
1735642261,7,7,0.0
1735642261,6,6,0.0
1735642261,7,7,0.0
1735642261,6,6,0.0
1735642261,7,7,0.0
1735642261,6,6,0.0
1735642261,7,7,0.0
1735642261,6,6,0.0
1735642262,7,7,0.0
1735642262,6,6,0.0
1735642262,7,7,0.0
1735642262,6,6,0.0
1735642262,7,7,0.0
1735642262,6,6,0.0
1735642262,7,7,0.0
1735642262,6,6,0.0
1735642263,7,7,0.0
1735642263,6,6,0.0
1735642263,7,7,0.0
1735642263,6,6,0.0
1735642263,7,7,0.0
1735642263,6,6,0.0
1735642263,7,7,0.0
1735642263,6,6,0.0
1735642264,8,8,0.0
1735642264,6,6,0.0
1735642264,8,8,0.0
1735642264,6,6,0.0
1735642264,8,8,0.0
1735642264,0,0,0.0
1735642264,8,8,0.0
1735642264,6,6,0.0
1735642265,8,8,0.0
1735642265,0,0,0.0
1735642265,8,8,0.0
1735642265,6,6,0.0
1735642265,8,8,0.0
1735642265,6,6,0.0
1735642266,8,8,0.0
1735642266,6,6,0.0
1735642266,8,8,0.0
1735642266,6,6,0.0
1735642266,8,8,0.0
1735642266,6,6,0.0
1735642266,8,8,0.0
1735642266,6,6,0.0
1735642267,8,8,0.0
1735642267,6,6,0.0
1735642267,8,8,0.0
1735642267,6,6,0.0
1735642267,8,8,0.0
1735642267,6,6,0.0
1735642267,8,8,0.0
1735642267,6,6,0.0
1735642268,8,8,0.0
1735642268,6,6,0.0
1735642268,9,9,0.0
1735642268,6,6,0.0
1735642268,9,9,0.0
1735642268,6,6,0.0
1735642268,9,9,0.0
1735642268,6,6,0.0
1735642269,9,9,0.0
1735642269,6,6,0.0
1735642269,9,9,0.0
1735642269,6,6,0.0
1735642269,9,9,0.0
1735642269,6,6,0.0
1735642269,9,9,0.0
1735642269,6,6,0.0
1735642270,10,10,0.0
1735642270,6,6,0.0
1735642270,10,10,0.0
1735642270,6,6,0.0
1735642270,6,6,0.0
1735642270,10,10,0.0
1735642270,10,10,0.0
1735642270,6,6,0.0
1735642271,10,10,0.0
1735642271,6,6,0.0
1735642271,10,10,0.0
1735642271,6,6,0.0
1735642271,10,10,0.0
1735642271,6,6,0.0
1735642271,10,10,0.0
1735642271,6,6,0.0
1735642271,10,10,0.0
1735642271,6,6,0.0
1735642272,11,11,0.0
1735642272,6,6,0.0
1735642272,11,11,0.0
1735642272,6,6,0.0
1735642272,11,11,0.0
1735642272,6,6,0.0
1735642272,11,11,0.0
1735642272,6,6,0.0
1735642273,11,11,0.0
1735642273,6,6,0.0
1735642273,11,11,0.0
1735642273,6,6,0.0
1735642273,11,11,0.0
1735642273,6,6,0.0
1735642273,11,11,0.0
1735642273,6,6,0.0
1735642274,11,11,0.0
1735642274,6,6,0.0
1735642274,11,11,0.0
1735642274,6,6,0.0
1735642274,11,11,0.0
1735642274,6,6,0.0
1735642274,11,11,0.0
1735642274,6,6,0.0
1735642274,11,11,0.0
1735642274,6,6,0.0
1735642275,11,11,0.0
1735642275,6,6,0.0
1735642275,11,11,0.0
1735642275,6,6,0.0
1735642275,11,11,0.0
1735642275,6,6,0.0
1735642275,11,11,0.0
1735642275,6,6,0.0
1735642275,11,11,0.0
1735642275,6,6,0.0
1735642276,11,11,0.0
1735642276,6,6,0.0
1735642276,11,11,0.0
1735642276,6,6,0.0
1735642276,11,11,0.0
1735642276,6,6,0.0
1735642276,11,11,0.0
1735642276,6,6,0.0
1735642277,11,11,0.0
1735642277,6,6,0.0
1735642277,11,11,0.0
1735642277,6,6,0.0
1735642277,11,11,0.0
1735642277,6,6,0.0
1735642277,11,11,0.0
1735642277,6,6,0.0
1735642277,11,11,0.0
1735642277,6,6,0.0
1735642278,11,11,0.0
1735642278,6,6,0.0
1735642278,11,11,0.0
1735642278,6,6,0.0
1735642278,10,10,0.0
1735642278,6,6,0.0
1735642278,10,10,0.0
1735642278,6,6,0.0
1735642278,10,10,0.0
1735642278,6,6,0.0
1735642279,10,10,0.0
1735642279,6,6,0.0
1735642279,10,10,0.0
1735642279,6,6,0.0
1735642279,10,10,0.0
1735642279,6,6,0.0
1735642279,10,10,0.0
1735642279,6,6,0.0
1735642279,10,10,0.0
1735642279,6,6,0.0
1735642280,10,10,0.0
1735642280,6,6,0.0
1735642280,10,10,0.0
1735642280,6,6,0.0
1735642280,10,10,0.0
1735642280,6,6,0.0
1735642280,10,10,0.0
1735642280,6,6,0.0
1735642281,10,10,0.0
1735642281,6,6,0.0
1735642281,10,10,0.0
1735642281,6,6,0.0
1735642281,10,10,0.0
1735642281,6,6,0.0
1735642281,10,10,0.0
1735642281,6,6,0.0
1735642281,10,10,0.0
1735642281,6,6,0.0
1735642282,10,10,0.0
1735642282,6,6,0.0
1735642282,10,10,0.0
1735642282,6,6,0.0
1735642282,10,10,0.0
1735642282,6,6,0.0
1735642282,10,10,0.0
1735642282,6,6,0.0
1735642282,10,10,0.0
1735642282,6,6,0.0
1735642283,11,11,0.0
1735642283,6,6,0.0
1735642283,11,11,0.0
1735642283,6,6,0.0
1735642283,11,11,0.0
1735642283,6,6,0.0
1735642283,11,11,0.0
1735642283,6,6,0.0
1735642284,11,11,0.0
1735642284,6,6,0.0
1735642284,11,11,0.0
1735642284,6,6,0.0
1735642284,11,11,0.0
1735642284,6,6,0.0
1735642284,11,11,0.0
1735642284,6,6,0.0
1735642284,11,11,0.0
1735642284,6,6,0.0
1735642285,11,11,0.0
1735642285,6,6,0.0
1735642285,11,11,0.0
1735642285,6,6,0.0
1735642285,11,11,0.0
1735642285,6,6,0.0
1735642285,12,12,0.0
1735642285,6,6,0.0
1735642285,12,12,0.0
1735642285,6,6,0.0
1735642286,12,12,0.0
1735642286,6,6,0.0
1735642286,12,12,0.0
1735642286,6,6,0.0
1735642286,12,12,0.0
1735642286,6,6,0.0
1735642286,12,12,0.0
1735642286,6,6,0.0
1735642286,12,12,0.0
1735642286,6,6,0.0
1735642287,12,12,0.0
1735642287,6,6,0.0
1735642287,12,12,0.0
1735642287,6,6,0.0
1735642287,12,12,0.0
1735642287,6,6,0.0
1735642287,12,12,0.0
1735642287,6,6,0.0
1735642287,12,12,0.0
1735642287,6,6,0.0
1735642288,12,12,0.0
1735642288,6,6,0.0
1735642288,12,12,0.0
1735642288,6,6,0.0
1735642288,12,12,0.0
1735642288,6,6,0.0
1735642288,12,12,0.0
1735642288,6,6,0.0
1735642288,12,12,0.0
1735642288,6,6,0.0
1735642289,12,12,0.0
1735642289,6,6,0.0
1735642289,12,12,0.0
1735642289,6,6,0.0
1735642289,12,12,0.0
1735642289,6,6,0.0
1735642289,12,12,0.0
1735642289,6,6,0.0
1735642290,12,12,0.0
1735642290,6,6,0.0
1735642290,11,11,0.0
1735642290,6,6,0.0
1735642290,11,11,0.0
1735642290,6,6,0.0
1735642290,11,11,0.0
1735642290,6,6,0.0
1735642291,11,11,0.0
1735642291,6,6,0.0
1735642291,11,11,0.0
1735642291,6,6,0.0
1735642291,11,11,0.0
1735642291,6,6,0.0
1735642291,10,10,0.0
1735642291,6,6,0.0
1735642291,10,10,0.0
1735642291,6,6,0.0
1735642292,10,10,0.0
1735642292,6,6,0.0
1735642292,10,10,0.0
1735642292,6,6,0.0
1735642292,10,10,0.0
1735642292,6,6,0.0
1735642292,10,10,0.0
1735642292,6,6,0.0
1735642292,10,10,0.0
1735642292,6,6,0.0
1735642293,10,10,0.0
1735642293,6,6,0.0
1735642293,10,10,0.0
1735642293,6,6,0.0
1735642293,10,10,0.0
1735642293,6,6,0.0
1735642293,10,10,0.0
1735642293,6,6,0.0
1735642294,10,10,0.0
1735642294,6,6,0.0
1735642294,10,10,0.0
1735642294,6,6,0.0
1735642294,10,10,0.0
1735642294,6,6,0.0
1735642294,10,10,0.0
1735642294,6,6,0.0
1735642294,10,10,0.0
1735642294,6,6,0.0
1735642295,10,10,0.0
1735642295,6,6,0.0
1735642295,10,10,0.0
1735642295,6,6,0.0
1735642295,10,10,0.0
1735642295,6,6,0.0
1735642295,10,10,0.0
1735642295,6,6,0.0
1735642296,10,10,0.0
1735642296,6,6,0.0
1735642296,10,10,0.0
1735642296,6,6,0.0
1735642296,10,10,0.0
1735642296,6,6,0.0
1735642296,10,10,0.0
1735642296,6,6,0.0
1735642296,10,10,0.0
1735642296,6,6,0.0
1735642297,10,10,0.0
1735642297,6,6,0.0
1735642297,10,10,0.0
1735642297,6,6,0.0
1735642297,10,10,0.0
1735642297,6,6,0.0
1735642297,10,10,0.0
1735642297,6,6,0.0
1735642297,10,10,0.0
1735642297,6,6,0.0
1735642298,10,10,0.0
1735642298,6,6,0.0
1735642298,10,10,0.0
1735642298,6,6,0.0
1735642298,10,10,0.0
1735642298,6,6,0.0
1735642298,10,10,0.0
1735642298,6,6,0.0
1735642298,10,10,0.0
1735642298,6,6,0.0
1735642299,10,10,0.0
1735642299,6,6,0.0
1735642299,10,10,0.0
1735642299,6,6,0.0
1735642299,10,10,0.0
1735642299,6,6,0.0
1735642299,10,10,0.0
1735642299,6,6,0.0
1735642299,10,10,0.0
1735642299,6,6,0.0
1735642300,10,10,0.0
1735642300,6,6,0.0
1735642300,10,10,0.0
1735642300,6,6,0.0
1735642300,10,10,0.0
1735642300,6,6,0.0
1735642300,10,10,0.0
1735642300,6,6,0.0
1735642300,10,10,0.0
1735642300,6,6,0.0
1735642301,10,10,0.0
1735642301,6,6,0.0
1735642301,10,10,0.0
1735642301,6,6,0.0
1735642301,10,10,0.0
1735642301,6,6,0.0
1735642301,10,10,0.0
1735642301,6,6,0.0
1735642301,10,10,0.0
1735642301,6,6,0.0
1735642302,10,10,0.0
1735642302,6,6,0.0
1735642302,10,10,0.0
1735642302,6,6,0.0
1735642302,10,10,0.0
1735642302,6,6,0.0
1735642302,10,10,0.0
1735642302,6,6,0.0
1735642302,10,10,0.0
1735642302,6,6,0.0
1735642303,10,10,0.0
1735642303,6,6,0.0
1735642303,10,10,0.0
1735642303,6,6,0.0
1735642303,6,6,0.0
1735642303,13,13,0.0
1735642303,13,10,85.0
1735642303,10,10,0.0
1735642303,13,13,0.0
1735642303,6,6,0.0
1735642303,6,6,0.0
1735642303,13,13,0.0
1735642304,6,6,0.0
1735642304,13,13,0.0
1735642304,6,6,0.0
1735642304,13,13,0.0
1735642304,6,6,0.0
1735642304,13,13,0.0
1735642304,13,13,0.0
1735642304,6,6,0.0
1735642304,13,13,0.0
1735642304,6,6,0.0
1735642305,13,13,0.0
1735642305,6,6,0.0
1735642305,13,13,0.0
1735642305,6,6,0.0
1735642305,13,13,0.0
1735642305,6,6,0.0
1735642305,13,13,0.0
1735642305,6,6,0.0
1735642305,13,13,0.0
1735642305,6,6,0.0
1735642306,13,13,0.0
1735642306,6,6,0.0
1735642306,9,9,0.0
1735642306,6,6,0.0
1735642306,13,13,0.0
1735642306,6,6,0.0
1735642306,13,13,0.0
1735642306,6,6,0.0
1735642306,13,13,0.0
1735642306,6,6,0.0
